{"children": [], "active_connections": [0, 1, 2], "dim": 11.178343761875430, "parent": null, "object_type": "Part", "connections": [{"part": "HEXA", "id": 0, "type": "HEXA", "plane": {"xaxis": [1.8369701987210297e-16, 9.2696571589600148e-18, 1.0], "origin": [-5.3290705182007514e-15, -8.6602540378443891, 5.0], "yaxis": [-1.0, 5.4584185515361831e-16, 1.8369701987210297e-16]}}, {"part": "HEXA", "id": 1, "type": "HEXA", "plane": {"xaxis": [-2.7740974383568637e-17, 5.4688756887057927e-17, 1.0], "origin": [7.5, 4.3301270189221928, 5.0], "yaxis": [0.5, -0.86602540378443871, 6.123233995736766e-17]}}, {"part": "HEXA", "id": 2, "type": "HEXA", "plane": {"xaxis": [-4.2611565682430725e-17, -4.610321699765099e-17, 1.0], "origin": [-7.5, 4.3301270189221945, 5.0], "yaxis": [0.50000000000000022, 0.8660254037844386, 6.123233995736766e-17]}}], "transform": {"M10": 0.0, "M12": 0.0, "M21": 0.0, "M03": 0.0, "M23": 0.0, "M30": 0.0, "M11": 1.0, "M22": 1.0, "M31": 0.0, "M20": 0.0, "M13": 0.0, "M32": 0.0, "M00": 1.0, "M33": 1.0, "M02": 0.0, "M01": 0.0}, "field": null, "class_type": "Part", "conn_on_parent": null, "id": null, "geometry": {"vertices": [[10.0, 0.0, 0.0], [10.0, 0.0, 10.0], [5.0, 8.6602544784545898, 0.0], [5.0, 8.6602544784545898, 10.0], [7.5, 4.3301272392272949, 0.0], [5.0, 8.6602544784545898, 5.0], [7.5, 4.3301272392272949, 10.0], [10.0, 0.0, 5.0], [5.0, 8.6602544784545898, 0.0], [5.0, 8.6602544784545898, 10.0], [-5.0, 8.6602544784545898, 0.0], [-5.0, 8.6602544784545898, 10.0], [5.0, 8.6602544784545898, 5.0], [1.3322676295501878e-15, 8.6602544784545898, 0.0], [-5.0, 8.6602544784545898, 5.0], [1.3322676295501878e-15, 8.6602544784545898, 10.0], [-5.0, 8.6602544784545898, 0.0], [-5.0, 8.6602544784545898, 10.0], [-10.0, 1.2246467996456087e-15, 0.0], [-10.0, 1.2246467996456087e-15, 10.0], [-5.0, 8.6602544784545898, 5.0], [-7.5, 4.3301272392272949, 0.0], [-10.0, 1.2246467996456087e-15, 5.0], [-7.5, 4.3301272392272949, 10.0], [-10.0, 1.2246467996456087e-15, 0.0], [-10.0, 1.2246467996456087e-15, 10.0], [-7.5, -4.3301272392272949, 0.0], [-7.5, -4.3301272392272949, 10.0], [-5.0, -8.6602544784545898, 0.0], [-5.0, -8.6602544784545898, 10.0], [-10.0, 1.2246467996456087e-15, 5.0], [-5.0, -8.6602544784545898, 5.0], [-5.0, -8.6602544784545898, 0.0], [-5.0, -8.6602544784545898, 10.0], [5.0, -8.6602544784545898, 0.0], [5.0, -8.6602544784545898, 10.0], [-5.0, -8.6602544784545898, 5.0], [-5.3290705182007514e-15, -8.6602544784545898, 0.0], [5.0, -8.6602544784545898, 5.0], [-5.3290705182007514e-15, -8.6602544784545898, 10.0], [5.0, -8.6602544784545898, 0.0], [5.0, -8.6602544784545898, 10.0], [10.0, 0.0, 0.0], [10.0, 0.0, 10.0], [10.0, 0.0, 5.0], [5.0, -8.6602544784545898, 5.0], [7.5, -4.3301272392272949, 0.0], [7.5, -4.3301272392272949, 10.0], [10.0, 0.0, 0.0], [7.5, 4.3301272392272949, 0.0], [5.0, 8.6602544784545898, 0.0], [1.3322676295501878e-15, 8.6602544784545898, 0.0], [-5.0, 8.6602544784545898, 0.0], [-7.5, 4.3301272392272949, 0.0], [-10.0, 1.2246467996456087e-15, 0.0], [-7.5, -4.3301272392272949, 0.0], [-5.0, -8.6602544784545898, 0.0], [-5.3290705182007514e-15, -8.6602544784545898, 0.0], [5.0, -8.6602544784545898, 0.0], [7.5, -4.3301272392272949, 0.0], [10.0, 0.0, 10.0], [7.5, 4.3301272392272949, 10.0], [5.0, 8.6602544784545898, 10.0], [1.3322676295501878e-15, 8.6602544784545898, 10.0], [-5.0, 8.6602544784545898, 10.0], [-7.5, 4.3301272392272949, 10.0], [-10.0, 1.2246467996456087e-15, 10.0], [-7.5, -4.3301272392272949, 10.0], [-5.0, -8.6602544784545898, 10.0], [-5.3290705182007514e-15, -8.6602544784545898, 10.0], [5.0, -8.6602544784545898, 10.0], [7.5, -4.3301272392272949, 10.0]], "faces": [[7, 0, 4], [7, 6, 1], [5, 7, 4], [7, 5, 6], [5, 3, 6], [2, 5, 4], [12, 8, 13], [12, 15, 9], [15, 12, 13], [13, 14, 15], [14, 11, 15], [10, 14, 13], [20, 16, 21], [20, 23, 17], [22, 20, 21], [20, 22, 23], [22, 19, 23], [18, 22, 21], [30, 24, 26], [30, 27, 25], [27, 30, 26], [26, 31, 27], [31, 29, 27], [28, 31, 26], [36, 32, 37], [36, 39, 33], [38, 36, 37], [36, 38, 39], [38, 35, 39], [34, 38, 37], [45, 40, 46], [45, 47, 41], [47, 45, 46], [46, 44, 47], [44, 43, 47], [42, 44, 46], [57, 56, 55], [49, 55, 53], [54, 53, 55], [51, 53, 52], [57, 55, 59], [55, 49, 59], [48, 59, 49], [50, 49, 51], [49, 53, 51], [58, 57, 59], [69, 67, 68], [61, 65, 67], [66, 67, 65], [63, 64, 65], [69, 71, 67], [67, 71, 61], [60, 61, 71], [62, 63, 61], [61, 63, 65], [70, 71, 69]]}, "collider": {"valid_connections": [], "connections": [], "multiple": false, "check_all": false,