{"children": [], "active_connections": [0, 1, 2], "dim": 7.6356316438446354, "parent": null, "object_type": "Part", "connections": [{"part": "TRI", "id": 0, "type": "TRI", "plane": {"xaxis": [1.4057366942144154e-16, 1.2391330209987774e-16, 1.0], "origin": [24.330127018922191, -2.5, 5.0], "yaxis": [-0.86602540378443882, -0.49999999999999978, 1.8369701987210297e-16]}}, {"part": "TRI", "id": 1, "type": "TRI", "plane": {"xaxis": [0.86602540378443871, -0.5, 0.0], "origin": [24.330127018922195, 2.5000000000000004, 5.0], "yaxis": [1.0600942440309007e-17, 1.83613709147284e-17, -1.0]}}, {"part": "TRI", "id": 2, "type": "TRI", "plane": {"xaxis": [3.6993195257838139e-16, 1.0, 1.2246467991473532e-16], "origin": [20.0, 4.4408920985006262e-16, 5.0], "yaxis": [6.6613381477509489e-17, 1.224646799147353e-16, -1.0]}}], "transform": {"M10": 0.0, "M12": 0.0, "M21": 0.0, "M03": 0.0, "M23": 0.0, "M30": 0.0, "M11": 1.0, "M22": 1.0, "M31": 0.0, "M20": 0.0, "M13": 0.0, "M32": 0.0, "M00": 1.0, "M33": 1.0, "M02": 0.0, "M01": 0.0}, "field": null, "class_type": "Part", "conn_on_parent": null, "id": null, "geometry": {"vertices": [[28.660253524780273, 0.0, 0.0], [28.660253524780273, 0.0, 10.0], [20.0, 5.0, 0.0], [20.0, 5.0, 10.0], [24.330127716064453, 2.5, 0.0], [20.0, 5.0, 5.0], [24.330127716064453, 2.5, 10.0], [28.660253524780273, 0.0, 5.0], [20.0, 5.0, 0.0], [20.0, 5.0, 10.0], [20.0, -5.0, 0.0], [20.0, -5.0, 10.0], [20.0, 5.0, 5.0], [20.0, 4.4408920985006262e-16, 0.0], [20.0, -5.0, 5.0], [20.0, 4.4408920985006262e-16, 10.0], [20.0, -5.0, 0.0], [20.0, -5.0, 10.0], [28.660253524780273, 0.0, 0.0], [28.660253524780273, 0.0, 10.0], [28.660253524780273, 0.0, 5.0], [20.0, -5.0, 5.0], [24.330127716064453, -2.5, 0.0], [24.330127716064453, -2.5, 10.0], [20.0, -5.0, 0.0], [28.660253524780273, 0.0, 0.0], [24.330127716064453, 2.5, 0.0], [20.0, 5.0, 0.0], [20.0, 4.4408920985006262e-16, 0.0], [24.330127716064453, -2.5, 0.0], [20.0, -5.0, 10.0], [28.660253524780273, 0.0, 10.0], [24.330127716064453, 2.5, 10.0], [20.0, 5.0, 10.0], [20.0, 4.4408920985006262e-16, 10.0], [24.330127716064453, -2.5, 10.0]], "faces": [[7, 0, 4], [7, 6, 1], [6, 7, 4], [4, 5, 6], [5, 3, 6], [2, 5, 4], [12, 8, 13], [12, 15, 9], [14, 12, 13], [12, 14, 15], [14, 11, 15], [10, 14, 13], [21, 16, 22], [21, 23, 17], [23, 21, 22], [22, 20, 23], [20, 19, 23], [18, 20, 22], [29, 24, 28], [26, 28, 27], [25, 29, 26], [28, 26, 29], [35, 34, 30], [32, 33, 34], [31, 32, 35], [34, 35, 32]]}, "collider": {"valid_connections": [], "connections": [], "multiple": false, "check_all": false, "geometry": [{"vertices": [[28.658840179443359, 0.0, 0.0014142135623842478], [28.658840179443359, 0.0, 9.9985857009887695], [20.000707626342773, 4.9987754821777344, 0.0014142135623842478], [20.000707626342773, 4.9987754821777344, 9.9985857009887695], [24.329420089721680, 2.4987752437591553, 0.0014142135623842478], [20.000999450683594, 4.9982681274414062, 5.0], [24.329420089721680, 2.4987752437591553, 9.9985857009887695], [28.658252716064453, 0.0, 5.0], [20.000707626342773, 4.9987754821777344, 0.0014142135623842478], [20.000707626342773, 4.9987754821777344, 9.9985857009887695], [20.000707626342773, -4.9987754821777344, 0.0014142135623842478], [20.000707626342773, -4.9987754821777344, 9.9985857009887695], [20.000999450683594, 4.9982681274414062, 5.0], [20.001413345336914, 4.4358678696344281e-16, 0.0014142135623842478], [20.000999450683594, -4.9982681274414062, 5.0], [20.001413345336914, 4.4358678696344281e-16, 9.9985857009887695], [20.000707626342773, -4.9987754821777344, 0.0014142135623842478], [20.000707626342773, -4.9987754821777344, 9.9985857009887695], [28.658840179443359, 0.0, 0.0014142135623842478], [28.658840179443359, 0.0, 9.9985857009887695], [28.658252716064453, 0.0, 5.0], [20.000999450683594, -4.9982681274414062, 5.0], [24.329420089721680, -2.4987752437591553, 0.0014142135623842478], [24.329420089721680, -2.4987752437591553, 9.9985857009887695], [20.000707626342773, -4.9987754821777344, 0.0014142135623842478], [28.658840179443359, 0.0, 0.0014142135623842478], [24.329420089721680, 2.4987752437591553, 0.0014142135623842478], [20.000707626342773, 4.9987754821777344, 0.0014142135623842478], [20.001413345336914, 4.4358678696344281e-16, 0.0014142135623842478], [24.329420089721680, -2.4987752437591553, 0.0014142135623842478], [20.000707626342773, -4.9987754821777344, 9.9985857009887695], [28.658840179443359, 0.0, 9.9985857009887695], [24.329420089721680, 2.4987752437591553, 9.9985857009887695], [20.000707626342773, 4.9987754821777344, 9.9985857009887695], [20.001413345336914, 4.4358678696344281e-16, 9.9985857009887695], [24.329420089721680, -2.4987752437591553, 9.9985857009887695]], "faces": [[7, 0, 4], [7, 6, 1], [6, 7, 4], [4, 5, 6], [5, 3, 6], [2, 5, 4], [12, 8, 13], [12, 15, 9], [14, 12, 13], [12, 14, 15], [14, 11, 15], [10, 14, 13], [21, 16, 22], [21, 23, 17], [23, 21, 22], [22, 20, 23], [20, 19, 23], [18, 20, 22], [29, 24, 28], [26, 28, 27], [25, 29, 26], [28, 26, 29], [35, 34, 30], [32, 33, 34], [31, 32, 35], [34, 35, 32]]}]}, "name": "TRI", "conn_to_parent": null}