{"field": null, "dim": 6.1217246036227140, "children": [], "id": null, "connections": [{"part": "T", "type": "0", "plane": {"origin": [5.0000000000000009, 3.3333333333333330, 4.714045207910317], "xaxis": [0.0, -0.57735026918962584, -0.81649658092772615], "yaxis": [1.0, -1.7749188570087785e-16, 1.2550571598467834e-16]}, "id": 0}, {"part": "T", "type": "0", "plane": {"origin": [5.0000000000000018, 6.6666666666666661, 4.714045207910317], "xaxis": [1.2246467991473532e-16, 0.57735026918962584, -0.81649658092772615], "yaxis": [-1.0, 3.0319858291614438e-16, 6.4405785373972753e-17]}, "id": 1}, {"part": "T", "type": "0", "plane": {"origin": [3.3333333333333353, 5.0000000000000018, 2.3570226039551576], "xaxis": [-0.57735026918962584, -1.2246467991473532e-16, 0.81649658092772615], "yaxis": [1.0655396961713435e-16, 1.0, 2.2533302313080572e-16]}, "id": 2}, {"part": "T", "type": "0", "plane": {"origin": [6.6666666666666679, 5.0000000000000009, 2.3570226039551576], "xaxis": [0.57735026918962584, 0.0, 0.81649658092772615], "yaxis": [-2.3198112555295813e-16, -1.0, 1.6403542698578458e-16]}, "id": 3}], "class_type": "Part", "object_type": "Part", "transform": {"M10": 0.0, "M13": 0.0, "M23": 0.0, "M00": 1.0, "M21": 0.0, "M12": 0.0, "M22": 1.0, "M11": 1.0, "M30": 0.0, "M20": 0.0, "M01": 0.0, "M03": 0.0, "M02": 0.0, "M31": 0.0, "M32": 0.0, "M33": 1.0}, "active_connections": [0, 1, 2, 3], "conn_on_parent": null, "name": "T", "collider": {"multiple": false, "connections": [], "check_all": false, "geometry": [{"vertices": [[5.0, 0.0016329932259395719, 0.0011547005269676447], [9.9983673095703125, 5.0, 7.0699129104614258], [5.0, 9.9983673095703125, 0.0011547005269676447], [5.0, 5.0, 0.0020000000949949026], [7.4985857009887695, 7.4985857009887695, 3.5355339050292969], [7.4985857009887695, 2.5014142990112305, 3.5355339050292969], [5.0, 9.9983673095703125, 0.0011547005269676447], [0.0016329932259395719, 5.0, 7.0699129104614258], [5.0, 0.0016329932259395719, 0.0011547005269676447], [5.0, 5.0, 0.0020000000949949026], [2.5014142990112305, 7.4985857009887695, 3.5355339050292969], [2.5014142990112305, 2.5014142990112305, 3.5355339050292969], [0.0016329932259395719, 5.0, 7.0699129104614258], [5.0, 9.9983673095703125, 0.0011547005269676447], [9.9983673095703125, 5.0, 7.0699129104614258], [7.4985857009887695, 7.4985857009887695, 3.5355339050292969], [2.5014142990112305, 7.4985857009887695, 3.5355339050292969], [5.0, 5.0, 7.0690679550170898], [0.0016329932259395719, 5.0, 7.0699129104614258], [9.9983673095703125, 5.0, 7.0699129104614258], [5.0, 0.0016329932259395719, 0.0011547005269676447], [7.4985857009887695, 2.5014142990112305, 3.5355339050292969], [5.0, 5.0, 7.0690679550170898], [2.5014142990112305, 2.5014142990112305, 3.5355339050292969]], "faces": [[5, 0, 3, 4], [4, 1, 5], [4, 3, 2], [10, 6, 9, 11], [11, 7, 10], [11, 9, 8], [16, 12, 17, 15], [15, 13, 16], [15, 17, 14], [22, 18, 23, 21], [21, 19, 22], [21, 23, 20]]}], "valid_connections": []}, "geometry": {"vertices": [[5.0, 0.0, 0.0], [10.0, 5.0, 7.0710678100585938], [5.0, 10.0, 0.0], [5.0, 5.0, 0.0], [7.5, 7.5, 3.5355339050292969], [7.5, 2.5, 3.5355339050292969], [5.0, 10.0, 0.0], [1.3322676295501878e-15, 5.0, 7.0710678100585938], [5.0, 0.0, 0.0], [5.0, 5.0, 0.0], [2.5, 7.5, 3.5355339050292969], [2.5, 2.5, 3.5355339050292969], [1.3322676295501878e-15, 5.0, 7.0710678100585938], [5.0, 10.0, 0.0], [10.0, 5.0, 7.0710678100585938], [7.5, 7.5, 3.5355339050292969], [2.5, 7.5, 3.5355339050292969], [5.0, 5.0, 7.0710678100585938], [1.3322676295501878e-15, 5.0, 7.0710678100585938], [10.0, 5.0, 7.0710678100585938], [5.0, 0.0, 0.0], [7.5, 2.5, 3.5355339050292969], [5.0, 5.0, 7.0710678100585938], [2.5, 2.5, 3.5355339050292969]], "faces": [[5, 0, 3, 4], [4, 1, 5], [4, 3, 2], [10, 6, 9, 11], [11, 7, 10], [11, 9, 8], [16, 12, 17, 15], [15, 13, 16], [15, 17, 14], [22, 18, 23, 21], [21, 19, 22], [21, 23, 20]]}, "parent": null, "conn_to_parent": null}