{"children": [], "active_connections": [0, 1], "dim": 8.6582532573936053, "parent": null, "object_type": "Part", "connections": [{"part": "BOX", "id": 0, "type": "BOX", "plane": {"xaxis": [-7.033192351334375e-17, -6.123233995736766e-17, 1.0], "origin": [38.660254037844389, 0.0, 5.0], "yaxis": [7.033192351334375e-17, 1.0, 6.123233995736766e-17]}}, {"part": "BOX", "id": 1, "type": "BOX", "plane": {"xaxis": [-4.2576347897714836e-17, 1.0, 0.0], "origin": [48.660254037844389, 0.0, 5.0], "yaxis": [-4.2576347897714836e-17, -1.8127454003072466e-33, 1.0]}}], "transform": {"M10": 0.0, "M12": 0.0, "M21": 0.0, "M03": 0.0, "M23": 0.0, "M30": 0.0, "M11": 1.0, "M22": 1.0, "M31": 0.0, "M20": 0.0, "M13": 0.0, "M32": 0.0, "M00": 1.0, "M33": 1.0, "M02": 0.0, "M01": 0.0}, "field": null, "class_type": "Part", "conn_on_parent": null, "id": null, "geometry": {"vertices": [[38.660255432128906, -5.0, 0.0], [38.660255432128906, -5.0, 10.0], [48.660255432128906, -5.0, 0.0], [48.660255432128906, -5.0, 10.0], [43.660255432128906, -5.0, 0.0], [48.660255432128906, -5.0, 5.0], [43.660255432128906, -5.0, 10.0], [38.660255432128906, -5.0, 5.0], [48.660255432128906, -5.0, 0.0], [48.660255432128906, -5.0, 10.0], [48.660255432128906, 5.0, 0.0], [48.660255432128906, 5.0, 10.0], [48.660255432128906, -5.0, 5.0], [48.660255432128906, 0.0, 0.0], [48.660255432128906, 5.0, 5.0], [48.660255432128906, 0.0, 10.0], [48.660255432128906, 5.0, 0.0], [48.660255432128906, 5.0, 10.0], [38.660255432128906, 5.0, 0.0], [38.660255432128906, 5.0, 10.0], [48.660255432128906, 5.0, 5.0], [43.660255432128906, 5.0, 0.0], [38.660255432128906, 5.0, 5.0], [43.660255432128906, 5.0, 10.0], [38.660255432128906, 5.0, 0.0], [38.660255432128906, 5.0, 10.0], [38.660255432128906, -5.0, 0.0], [38.660255432128906, -5.0, 10.0], [38.660255432128906, -5.0, 5.0], [38.660255432128906, 5.0, 5.0], [38.660255432128906, 0.0, 0.0], [38.660255432128906, 0.0, 10.0], [38.660255432128906, -5.0, 0.0], [38.660255432128906, 5.0, 0.0], [48.660255432128906, -5.0, 0.0], [48.660255432128906, 5.0, 0.0], [43.660255432128906, -5.0, 0.0], [48.660255432128906, 0.0, 0.0], [43.660255432128906, 5.0, 0.0], [38.660255432128906, 0.0, 0.0], [38.660255432128906, -5.0, 10.0], [38.660255432128906, 5.0, 10.0], [48.660255432128906, -5.0, 10.0], [48.660255432128906, 5.0, 10.0], [43.660255432128906, -5.0, 10.0], [48.660255432128906, 0.0, 10.0], [43.660255432128906, 5.0, 10.0], [38.660255432128906, 0.0, 10.0]], "faces": [[7, 0, 4], [7, 6, 1], [5, 7, 4], [7, 5, 6], [5, 3, 6], [2, 5, 4], [12, 8, 13], [12, 15, 9], [14, 12, 13], [12, 14, 15], [14, 11, 15], [10, 14, 13], [20, 16, 21], [20, 23, 17], [22, 20, 21], [20, 22, 23], [22, 19, 23], [18, 22, 21], [29, 24, 30], [29, 31, 25], [28, 29, 30], [29, 28, 31], [28, 27, 31], [26, 28, 30], [39, 36, 32], [39, 33, 38], [37, 36, 39], [39, 38, 37], [37, 38, 35], [34, 36, 37], [47, 40, 44], [47, 46, 41], [45, 47, 44], [47, 45, 46], [45, 43, 46], [42, 45, 44]]}, "collider": {"valid_connections": [], "connections": [], "multiple": false, "check_all": false, "geometry": [{"vertices": [[38.661411285400391, -4.9988451004028320, 0.0011547005269676447], [38.661411285400391, -4.9988451004028320, 9.9988451004028320], [48.659099578857422, -4.9988451004028320, 0.0011547005269676447], [48.659099578857422, -4.9988451004028320, 9.9988451004028320], [43.660255432128906, -4.9985857009887695, 0.0014142135623842478], [48.658840179443359, -4.9985857009887695, 5.0], [43.660255432128906, -4.9985857009887695, 9.9985857009887695], [38.661670684814453, -4.9985857009887695, 5.0], [48.659099578857422, -4.9988451004028320, 0.0011547005269676447], [48.659099578857422, -4.9988451004028320, 9.9988451004028320], [48.659099578857422, 4.9988451004028320, 0.0011547005269676447], [48.659099578857422, 4.9988451004028320, 9.9988451004028320], [48.658840179443359, -4.9985857009887695, 5.0], [48.658840179443359, -1.2042410720155513e-19, 0.0014142135623842478], [48.658840179443359, 4.9985857009887695, 5.0], [48.658840179443359, -1.2042410720155513e-19, 9.9985857009887695], [48.659099578857422, 4.9988451004028320, 0.0011547005269676447], [48.659099578857422, 4.9988451004028320, 9.9988451004028320], [38.661411285400391, 4.9988451004028320, 0.0011547005269676447], [38.661411285400391, 4.9988451004028320, 9.9988451004028320], [48.658840179443359, 4.9985857009887695, 5.0], [43.660255432128906, 4.9985857009887695, 0.0014142135623842478], [38.661670684814453, 4.9985857009887695, 5.0], [43.660255432128906, 4.9985857009887695, 9.9985857009887695], [38.661411285400391, 4.9988451004028320, 0.0011547005269676447], [38.661411285400391, 4.9988451004028320, 9.9988451004028320], [38.661411285400391, -4.9988451004028320, 0.0011547005269676447], [38.661411285400391, -4.9988451004028320, 9.9988451004028320], [38.661670684814453, -4.9985857009887695, 5.0], [38.661670684814453, 4.9985857009887695, 5.0], [38.661670684814453, -1.9892873013636298e-19, 0.0014142135623842478], [38.661670684814453, -1.9892873013636298e-19, 9.9985857009887695], [38.661411285400391, -4.9988451004028320, 0.0011547005269676447], [38.661411285400391, 4.9988451004028320, 0.0011547005269676447], [48.659099578857422, -4.9988451004028320, 0.0011547005269676447], [48.659099578857422, 4.9988451004028320, 0.0011547005269676447], [43.660255432128906, -4.9985857009887695, 0.0014142135623842478], [48.658840179443359, -1.2042410720155513e-19, 0.0014142135623842478], [43.660255432128906, 4.9985857009887695, 0.0014142135623842478], [38.661670684814453, -1.9892873013636298e-19, 0.0014142135623842478], [38.661411285400391, -4.9988451004028320, 9.9988451004028320], [38.661411285400391, 4.9988451004028320, 9.9988451004028320], [48.659099578857422, -4.9988451004028320, 9.9988451004028320], [48.659099578857422, 4.9988451004028320, 9.9988451004028320], [43.660255432128906, -4.9985857009887695, 9.9985857009887695], [48.658840179443359, -1.2042410720155513e-19, 9.9985857009887695], [43.660255432128906, 4.9985857009887695, 9.9985857009887695], [38.661670684814453, -1.9892873013636298e-19, 9.9985857009887695]], "faces": [[7, 0, 4], [7, 6, 1], [5, 7, 4], [7, 5, 6], [5, 3, 6], [2, 5, 4], [12, 8, 13], [12, 15, 9], [14, 12, 13], [12, 14, 15], [14, 11, 15], [10, 14, 13], [20, 16, 21], [20, 23, 17], [22, 20, 21], [20, 22, 23], [22, 19, 23], [18, 22, 21], [29, 24, 30], [29, 31, 25], [28, 29, 30], [29, 28, 31], [28, 27, 31], [26, 28, 30], [39, 36, 32], [39, 33, 38], [37, 36, 39], [39, 38, 37], [37, 38, 35], [34, 36, 37], [47, 40, 44], [47, 46, 41], [45, 47, 44], [47, 45, 46], [45, 43, 46], [42, 45, 44]]}]}, "name": "BOX", "conn_to_parent": null}