{"connections": [{"type": "M", "part": "STICK", "id": 0, "plane": {"xaxis": [0.0, 0.0, -1.0], "yaxis": [1.0, 0.0, 0.0], "origin": [2.0, 0.0, 0.49999999999999994]}}, {"type": "F", "part": "STICK", "id": 1, "plane": {"xaxis": [1.2246467991473532e-16, -0.0, -1.0], "yaxis": [-1.0, 0.0, -1.2246467991473532e-16], "origin": [2.0, 20.0, 0.49999999999999994]}}], "class_type": "Part", "conn_on_parent": null, "transform": {"M01": 0.0, "M12": 0.0, "M30": 0.0, "M21": 0.0, "M11": 1.0, "M10": 0.0, "M13": 0.0, "M00": 1.0, "M32": 0.0, "M02": 0.0, "M22": 1.0, "M23": 0.0, "M03": 0.0, "M31": 0.0, "M33": 1.0, "M20": 0.0}, "id": null, "conn_to_parent": null, "children": [1], "name": "STICK", "field": null, "object_type": "Part", "parent": null, "geometry": {"faces": [[1, 0, 4, 5], [2, 3, 5, 4], [6, 12, 19, 7], [12, 13, 18, 19], [8, 9, 18, 13], [15, 16, 17, 14], [10, 11, 16, 15], [14, 17, 9, 8], [21, 20, 24, 25], [22, 23, 25, 24], [26, 32, 39, 27], [32, 33, 38, 39], [28, 29, 38, 33], [35, 36, 37, 34], [30, 31, 36, 35], [34, 37, 29, 28], [59, 52, 48, 58], [58, 48, 50, 60], [48, 49, 51, 50], [52, 53, 49, 48], [51, 40, 64], [51, 64, 63], [49, 44, 51], [40, 51, 44], [53, 44, 49], [51, 63, 47, 50], [50, 47, 62], [60, 62, 61], [41, 60, 61], [50, 62, 60], [46, 60, 41], [52, 45, 55, 53], [44, 53, 42], [42, 53, 54], [53, 55, 54], [56, 45, 52], [46, 59, 58], [43, 59, 46], [60, 46, 58], [59, 57, 56], [59, 43, 57], [59, 56, 52], [84, 83, 73, 77], [83, 85, 75, 73], [73, 75, 76, 74], [77, 73, 74, 78], [76, 89, 65], [76, 88, 89], [74, 76, 69], [65, 69, 76], [78, 74, 69], [76, 75, 72, 88], [75, 87, 72], [85, 86, 87], [66, 86, 85], [75, 85, 87], [71, 66, 85], [77, 78, 80, 70], [69, 67, 78], [67, 79, 78], [78, 79, 80], [81, 77, 70], [71, 83, 84], [68, 71, 84], [85, 83, 71], [84, 81, 82], [84, 82, 68], [84, 77, 81]], "vertices": [[0.0, 0.0, 0.0], [0.0, 0.0, 1.0], [4.0, 0.0, 0.0], [4.0, 0.0, 1.0], [2.0, 0.0, 0.0], [2.0, 0.0, 1.0], [4.0, 0.0, 0.0], [4.0, 0.0, 1.0], [4.0, 10.0, 0.0], [4.0, 10.0, 1.0], [4.0, 20.0, 0.0], [4.0, 20.0, 1.0], [4.0, 3.3333332538604736, 0.0], [4.0, 6.6666665077209473, 0.0], [4.0, 13.333333015441895, 0.0], [4.0, 16.666666030883789, 0.0], [4.0, 16.666666030883789, 1.0], [4.0, 13.333333015441895, 1.0], [4.0, 6.6666665077209473, 1.0], [4.0, 3.3333332538604736, 1.0], [4.0, 20.0, 0.0], [4.0, 20.0, 1.0], [0.0, 20.0, 0.0], [0.0, 20.0, 1.0], [2.0, 20.0, 0.0], [2.0, 20.0, 1.0], [0.0, 20.0, 0.0], [0.0, 20.0, 1.0], [0.0, 10.0, 0.0], [0.0, 10.0, 1.0], [0.0, 0.0, 0.0], [0.0, 0.0, 1.0], [0.0, 16.666666030883789, 0.0], [0.0, 13.333333015441895, 0.0], [0.0, 6.6666665077209473, 0.0], [0.0, 3.3333332538604736, 0.0], [0.0, 3.3333332538604736, 1.0], [0.0, 6.6666665077209473, 1.0], [0.0, 13.333333015441895, 1.0], [0.0, 16.666666030883789, 1.0], [0.0, 0.0, 0.0], [0.0, 20.0, 0.0], [4.0, 0.0, 0.0], [4.0, 20.0, 0.0], [2.0, 0.0, 0.0], [4.0, 10.0, 0.0], [2.0, 20.0, 0.0], [0.0, 10.0, 0.0], [2.0, 10.0, 0.0], [2.0, 5.0, 0.0], [1.0, 10.0, 0.0], [1.0, 5.0, 0.0], [3.0, 10.0, 0.0], [3.0, 5.0, 0.0], [4.0, 3.3333332538604736, 0.0], [4.0, 6.6666665077209473, 0.0], [4.0, 13.333333015441895, 0.0], [4.0, 16.666666030883789, 0.0], [2.0, 15.0, 0.0], [3.0, 15.0, 0.0], [1.0, 15.0, 0.0], [0.0, 16.666666030883789, 0.0], [0.0, 13.333333015441895, 0.0], [0.0, 6.6666665077209473, 0.0], [0.0, 3.3333332538604736, 0.0], [0.0, 0.0, 1.0], [0.0, 20.0, 1.0], [4.0, 0.0, 1.0], [4.0, 20.0, 1.0], [2.0, 0.0, 1.0], [4.0, 10.0, 1.0], [2.0, 20.0, 1.0], [0.0, 10.0, 1.0], [2.0, 10.0, 1.0], [2.0, 5.0, 1.0], [1.0, 10.0, 1.0], [1.0, 5.0, 1.0], [3.0, 10.0, 1.0], [3.0, 5.0, 1.0], [4.0, 3.3333332538604736, 1.0], [4.0, 6.6666665077209473, 1.0], [4.0, 13.333333015441895, 1.0], [4.0, 16.666666030883789, 1.0], [2.0, 15.0, 1.0], [3.0, 15.0, 1.0], [1.0, 15.0, 1.0], [0.0, 16.666666030883789, 1.0], [0.0, 13.333333015441895, 1.0], [0.0, 6.6666665077209473, 1.0], [0.0, 3.3333332538604736, 1.0]]}, "collider": {"connections": [], "valid_connections": [], "multiple": false, "check_all": false, "geometry": [{"faces": [[1, 0, 4, 5], [2, 3, 5, 4], [6, 12, 19, 7], [12, 13, 18, 19], [8, 9, 18, 13], [15, 16, 17, 14], [10, 11, 16, 15], [14, 17, 9, 8], [21, 20, 24, 25], [22, 23, 25, 24], [26, 32, 39, 27], [32, 33, 38, 39], [28, 29, 38, 33], [35, 36, 37, 34], [30, 31, 36, 35], [34, 37, 29, 28], [59, 52, 48, 58], [58, 48, 50, 60], [48, 49, 51, 50], [52, 53, 49, 48], [51, 40, 64], [51, 64, 63], [49, 44, 51], [40, 51, 44], [53, 44, 49], [51, 63, 47, 50], [50, 47, 62], [60, 62, 61], [41, 60, 61], [50, 62, 60], [46, 60, 41], [52, 45, 55, 53], [44, 53, 42], [42, 53, 54], [53, 55, 54], [56, 45, 52], [46, 59, 58], [43, 59, 46], [60, 46, 58], [59, 57, 56], [59, 43, 57], [59, 56, 52], [84, 83, 73, 77], [83, 85, 75, 73], [73, 75, 76, 74], [77, 73, 74, 78], [76, 89, 65], [76, 88, 89], [74, 76, 69], [65, 69, 76], [78, 74, 69], [76, 75, 72, 88], [75, 87, 72], [85, 86, 87], [66, 86, 85], [75, 85, 87], [71, 66, 85], [77, 78, 80, 70], [69, 67, 78], [67, 79, 78], [78, 79, 80], [81, 77, 70], [71, 83, 84], [68, 71, 84], [85, 83, 71], [84, 81, 82], [84, 82, 68], [84, 77, 81]],