{"connections": [{"type": "C2M", "part": "CORNER2", "id": 0, "plane": {"xaxis": [-6.123233995736766e-17, -2.6808244687446415e-32, -1.0], "yaxis": [1.0, 3.8682034312753671e-16, -6.123233995736766e-17], "origin": [11.999999999999993, 3.014577520672843e-15, 0.49999999999999994]}}, {"type": "C2F", "part": "CORNER2", "id": 1, "plane": {"xaxis": [4.329780281177467e-17, 4.3297802811774652e-17, -1.0], "yaxis": [-0.70710678118654757, -0.70710678118654735, -6.123233995736766e-17], "origin": [9.0710678118654666, 7.0710678118654773, 0.49999999999999994]}}], "class_type": "Part", "conn_on_parent": null, "transform": {"M01": 0.0, "M12": 0.0, "M30": 0.0, "M21": 0.0, "M11": 1.0, "M10": 0.0, "M13": 0.0, "M00": 1.0, "M32": 0.0, "M02": 0.0, "M22": 1.0, "M23": 0.0, "M03": 0.0, "M31": 0.0, "M33": 1.0, "M20": 0.0}, "id": null, "conn_to_parent": null, "children": [], "name": "CORNER2", "field": null, "object_type": "Part", "parent": null, "geometry": {"faces": [[2, 0, 1, 3], [3, 5, 4, 2], [8, 6, 7, 9], [6, 4, 5, 7], [11, 13, 12, 10], [16, 14, 15, 17], [17, 19, 18, 16], [22, 20, 21, 23], [20, 18, 19, 21], [25, 27, 26, 24], [29, 35, 36], [34, 35, 30], [31, 33, 34], [36, 37, 28], [36, 28, 29], [33, 31, 32], [34, 30, 31], [35, 29, 30], [39, 46, 45], [44, 40, 45], [41, 44, 43], [46, 38, 47], [46, 39, 38], [43, 42, 41], [44, 41, 40], [45, 40, 39]], "vertices": [[10.0, 1.1172539274829593e-15, 0.0], [10.0, 1.1172539274829593e-15, 1.0], [9.8469038009643555, 1.5575934648513794, 0.0], [9.8469038009643555, 1.5575934648513794, 1.0], [9.3873090744018555, 3.0704493522644043, 0.0], [9.3873090744018555, 3.0704493522644043, 1.0], [8.6405687332153320, 4.4612612724304199, 0.0], [8.6405687332153320, 4.4612612724304199, 1.0], [7.6568541526794434, 5.6568541526794434, 0.0], [7.6568541526794434, 5.6568541526794434, 1.0], [7.6568541526794434, 5.6568541526794434, 0.0], [7.6568541526794434, 5.6568541526794434, 1.0], [10.485280990600586, 8.4852809906005859, 0.0], [10.485280990600586, 8.4852809906005859, 1.0], [10.485280990600586, 8.4852809906005859, 0.0], [10.485280990600586, 8.4852809906005859, 1.0], [11.9749755859375, 6.6708211898803711, 0.0], [11.9749755859375, 6.6708211898803711, 1.0], [13.092127799987793, 4.5787215232849121, 0.0], [13.092127799987793, 4.5787215232849121, 1.0], [13.7752685546875, 2.3115041255950928, 0.0], [13.7752685546875, 2.3115041255950928, 1.0], [14.0, 2.6645352591003757e-15, 0.0], [14.0, 2.6645352591003757e-15, 1.0], [14.0, 2.6645352591003757e-15, 0.0], [14.0, 2.6645352591003757e-15, 1.0], [10.0, 1.1172539274829593e-15, 0.0], [10.0, 1.1172539274829593e-15, 1.0], [10.0, 1.1172539274829593e-15, 0.0], [9.8469038009643555, 1.5575934648513794, 0.0], [9.3873090744018555, 3.0704493522644043, 0.0], [8.6405687332153320, 4.4612612724304199, 0.0], [7.6568541526794434, 5.6568541526794434, 0.0], [10.485280990600586, 8.4852809906005859, 0.0], [11.9749755859375, 6.6708211898803711, 0.0], [13.092127799987793, 4.5787215232849121, 0.0], [13.7752685546875, 2.3115041255950928, 0.0], [14.0, 2.6645352591003757e-15, 0.0], [10.0, 1.1172539274829593e-15, 1.0], [9.8469038009643555, 1.5575934648513794, 1.0], [9.3873090744018555, 3.0704493522644043, 1.0], [8.6405687332153320, 4.4612612724304199, 1.0], [7.6568541526794434, 5.6568541526794434, 1.0], [10.485280990600586, 8.4852809906005859, 1.0], [11.9749755859375, 6.6708211898803711, 1.0], [13.092127799987793, 4.5787215232849121, 1.0], [13.7752685546875, 2.3115041255950928, 1.0], [14.0, 2.6645352591003757e-15, 1.0]]}, "collider": {"connections": [], "valid_connections": [], "multiple": false, "check_all": false, "geometry": [{"faces": [[2, 0, 1, 3], [3, 5, 4, 2], [8, 6, 7, 9], [6, 4, 5, 7], [11, 13, 12, 10], [16, 14, 15, 17], [17, 19, 18, 16], [22, 20, 21, 23], [20, 18, 19, 21], [25, 27, 26, 24], [29, 35, 36], [34, 35, 30], [31, 33, 34], [36, 37, 28], [36, 28, 29], [33, 31, 32], [34, 30, 31], [35, 29, 30], [39, 46, 45], [44, 40, 45], [41, 44, 43], [46, 38, 47], [46, 39, 38], [43, 42, 41], [44, 41, 40], [45, 40, 39]], "vertices": [[10.001154899597168, 0.0011547005269676447, 0.0011547005269676447], [10.001154899597168, 0.0011547005269676447, 0.99884527921676636], [9.8482913970947266, 1.5578688383102417, 0.0014142135623842478], [9.8482913970947266, 1.5578688383102417, 0.99858576059341431], [9.3886146545410156, 3.0709922313690186, 0.0014142135623842478], [9.3886146545410156, 3.0709922313690186, 0.99858576059341431], [8.6417427062988281, 4.4620499610900879, 0.0014142135623842478], [8.6417427062988281, 4.4620499610900879, 0.99858576059341431], [7.6584873199462891, 5.6568541526794434, 0.0011547005269676447], [7.6584873199462891, 5.6568541526794434, 0.99884527921676636], [7.6584873199462891, 5.6568541526794434, 0.0011547005269676447], [7.6584873199462891, 5.6568541526794434, 0.99884527921676636], [10.485280990600586, 8.4836483001708984, 0.0011547005269676447], [10.485280990600586, 8.4836483001708984, 0.99884527921676636], [10.485280990600586, 8.4836483001708984, 0.0011547005269676447], [10.485280990600586, 8.4836483001708984, 0.99884527921676636], [11.973799705505371, 6.6700348854064941, 0.0014142135623842478], [11.973799705505371, 6.6700348854064941, 0.99858576059341431], [13.0908203125, 4.5781817436218262, 0.0014142135623842478], [13.0908203125, 4.5781817436218262, 0.99858576059341431], [13.773880958557129, 2.3112316131591797, 0.0014142135623842478], [13.773880958557129, 2.3112316131591797, 0.99858576059341431], [13.998845100402832, 0.0011547005269676447, 0.0011547005269676447], [13.998845100402832, 0.0011547005269676447, 0.99884527921676636], [13.998845100402832, 0.0011547005269676447, 0.0011547005269676447], [13.998845100402832, 0.0011547005269676447, 0.99884527921676636], [10.001154899597168, 0.0011547005269676447, 0.0011547005269676447], [10.001154899597168, 0.0011547005269676447, 0.99884527921676636], [10.001154899597168, 0.0011547005269676447, 0.0011547005269676447], [9.8482913970947266, 1.5578688383102417, 0.0014142135623842478], [9.3886146545410156, 3.0709922313690186, 0.0014142135623842478], [8.6417427062988281, 4.4620499610900879, 0.0014142135623842478], [7.6584873199462891, 5.6568541526794434, 0.0011547005269676447], [10.485280990600586, 8.4836483001708984, 0.0011547005269676447], [11.973799705505371, 6.6700348854064941, 0.0014142135623842478], [13.0908203125, 4.5781817436218262, 0.0014142135623842478], [13.773880958557129, 2.3112316131591797, 0.0014142135623842478], [13.998845100402832, 0.0011547005269676447, 0.0011547005269676447], [10.001154899597168, 0.0011547005269676447, 0.99884527921676636], [9.8482913970947266, 1.5578688383102417, 0.99858576059341431], [9.3886146545410156, 3.0709922313690186, 0.99858576059341431], [8.6417427062988281, 4.4620499610900879, 0.99858576059341431], [7.6584873199462891, 5.6568541526794434, 0.99884527921676636], [10.485280990600586, 8.4836483001708984, 0.99884527921676636], [11.973799705505371, 6.6700348854064941, 0.99858576059341431], [13.0908203125, 4.5781817436218262, 0.99858576059341431], [13.773880958557129, 2.3112316131591797, 0.99858576059341431], [13.998845100402832, 0.0011547005269676447, 0.99884527921676636]]}]}, "active_connections": [0, 1], "dim": 4.7845851436849154}