{"connections": [{"type": "C1M", "part": "CORNER1", "id": 0, "plane": {"xaxis": [-6.123233995736766e-17, 2.0563584818177896e-32, -1.0], "yaxis": [1.0, -3.8682034312753671e-16, -6.123233995736766e-17], "origin": [11.999999999999993, 3.014577520672843e-15, 0.49999999999999994]}}, {"type": "C1F", "part": "CORNER1", "id": 1, "plane": {"xaxis": [4.329780281177467e-17, -4.3297802811774652e-17, -1.0], "yaxis": [-0.70710678118654757, 0.70710678118654735, -6.123233995736766e-17], "origin": [14.928932188134519, 7.0710678118654773, 0.49999999999999994]}}], "class_type": "Part", "conn_on_parent": null, "transform": {"M01": 0.0, "M12": 0.0, "M30": 0.0, "M21": 0.0, "M11": 1.0, "M10": 0.0, "M13": 0.0, "M00": 1.0, "M32": 0.0, "M02": 0.0, "M22": 1.0, "M23": 0.0, "M03": 0.0, "M31": 0.0, "M33": 1.0, "M20": 0.0}, "id": null, "conn_to_parent": null, "children": [], "name": "CORNER1", "field": null, "object_type": "Part", "parent": null, "geometry": {"faces": [[2, 3, 1, 0], [3, 2, 4, 5], [8, 9, 7, 6], [6, 7, 5, 4], [11, 10, 12, 13], [16, 17, 15, 14], [17, 16, 18, 19], [22, 23, 21, 20], [20, 21, 19, 18], [25, 24, 26, 27], [29, 36, 35], [34, 30, 35], [31, 34, 33], [36, 28, 37], [36, 29, 28], [33, 32, 31], [34, 31, 30], [35, 30, 29], [39, 45, 46], [44, 45, 40], [41, 43, 44], [46, 47, 38], [46, 38, 39], [43, 41, 42], [44, 40, 41], [45, 39, 40]], "vertices": [[14.0, 1.1172539274829593e-15, 0.0], [14.0, 1.1172539274829593e-15, 1.0], [14.153096199035645, 1.5575934648513794, 0.0], [14.153096199035645, 1.5575934648513794, 1.0], [14.612690925598145, 3.0704493522644043, 0.0], [14.612690925598145, 3.0704493522644043, 1.0], [15.359431266784668, 4.4612612724304199, 0.0], [15.359431266784668, 4.4612612724304199, 1.0], [16.343145370483398, 5.6568541526794434, 0.0], [16.343145370483398, 5.6568541526794434, 1.0], [16.343145370483398, 5.6568541526794434, 0.0], [16.343145370483398, 5.6568541526794434, 1.0], [13.514719009399414, 8.4852809906005859, 0.0], [13.514719009399414, 8.4852809906005859, 1.0], [13.514719009399414, 8.4852809906005859, 0.0], [13.514719009399414, 8.4852809906005859, 1.0], [12.0250244140625, 6.6708211898803711, 0.0], [12.0250244140625, 6.6708211898803711, 1.0], [10.907872200012207, 4.5787215232849121, 0.0], [10.907872200012207, 4.5787215232849121, 1.0], [10.2247314453125, 2.3115041255950928, 0.0], [10.2247314453125, 2.3115041255950928, 1.0], [10.0, 2.6645352591003757e-15, 0.0], [10.0, 2.6645352591003757e-15, 1.0], [10.0, 2.6645352591003757e-15, 0.0], [10.0, 2.6645352591003757e-15, 1.0], [14.0, 1.1172539274829593e-15, 0.0], [14.0, 1.1172539274829593e-15, 1.0], [14.0, 1.1172539274829593e-15, 0.0], [14.153096199035645, 1.5575934648513794, 0.0], [14.612690925598145, 3.0704493522644043, 0.0], [15.359431266784668, 4.4612612724304199, 0.0], [16.343145370483398, 5.6568541526794434, 0.0], [13.514719009399414, 8.4852809906005859, 0.0], [12.0250244140625, 6.6708211898803711, 0.0], [10.907872200012207, 4.5787215232849121, 0.0], [10.2247314453125, 2.3115041255950928, 0.0], [10.0, 2.6645352591003757e-15, 0.0], [14.0, 1.1172539274829593e-15, 1.0], [14.153096199035645, 1.5575934648513794, 1.0], [14.612690925598145, 3.0704493522644043, 1.0], [15.359431266784668, 4.4612612724304199, 1.0], [16.343145370483398, 5.6568541526794434, 1.0], [13.514719009399414, 8.4852809906005859, 1.0], [12.0250244140625, 6.6708211898803711, 1.0], [10.907872200012207, 4.5787215232849121, 1.0], [10.2247314453125, 2.3115041255950928, 1.0], [10.0, 2.6645352591003757e-15, 1.0]]}, "collider": {"connections": [], "valid_connections": [], "multiple": false, "check_all": false, "geometry": [{"faces": [[2, 3, 1, 0], [3, 2, 4, 5], [8, 9, 7, 6], [6, 7, 5, 4], [11, 10, 12, 13], [16, 17, 15, 14], [17, 16, 18, 19], [22, 23, 21, 20], [20, 21, 19, 18], [25, 24, 26, 27], [29, 36, 35], [34, 30, 35], [31, 34, 33], [36, 28, 37], [36, 29, 28], [33, 32, 31], [34, 31, 30], [35, 30, 29], [39, 45, 46], [44, 45, 40], [41, 43, 44], [46, 47, 38], [46, 38, 39], [43, 41, 42], [44, 40, 41], [45, 39, 40]], "vertices": [[13.998845100402832, 0.0011547005269676447, 0.0011547005269676447], [13.998845100402832, 0.0011547005269676447, 0.99884527921676636], [14.151708602905273, 1.5578688383102417, 0.0014142135623842478], [14.151708602905273, 1.5578688383102417, 0.99858576059341431], [14.611385345458984, 3.0709922313690186, 0.0014142135623842478], [14.611385345458984, 3.0709922313690186, 0.99858576059341431], [15.358257293701172, 4.4620499610900879, 0.0014142135623842478], [15.358257293701172, 4.4620499610900879, 0.99858576059341431], [16.341512680053711, 5.6568541526794434, 0.0011547005269676447], [16.341512680053711, 5.6568541526794434, 0.99884527921676636], [16.341512680053711, 5.6568541526794434, 0.0011547005269676447], [16.341512680053711, 5.6568541526794434, 0.99884527921676636], [13.514719009399414, 8.4836483001708984, 0.0011547005269676447], [13.514719009399414, 8.4836483001708984, 0.99884527921676636], [13.514719009399414, 8.4836483001708984, 0.0011547005269676447], [13.514719009399414, 8.4836483001708984, 0.99884527921676636], [12.026200294494629, 6.6700348854064941, 0.0014142135623842478], [12.026200294494629, 6.6700348854064941, 0.99858576059341431], [10.9091796875, 4.5781817436218262, 0.0014142135623842478], [10.9091796875, 4.5781817436218262, 0.99858576059341431], [10.226119041442871, 2.3112316131591797, 0.0014142135623842478], [10.226119041442871, 2.3112316131591797, 0.99858576059341431], [10.001154899597168, 0.0011547005269676447, 0.0011547005269676447], [10.001154899597168, 0.0011547005269676447, 0.99884527921676636], [10.001154899597168, 0.0011547005269676447, 0.0011547005269676447], [10.001154899597168, 0.0011547005269676447, 0.99884527921676636], [13.998845100402832, 0.0011547005269676447, 0.0011547005269676447], [13.998845100402832, 0.0011547005269676447, 0.99884527921676636], [13.998845100402832, 0.0011547005269676447, 0.0011547005269676447], [14.151708602905273, 1.5578688383102417, 0.0014142135623842478], [14.611385345458984, 3.0709922313690186, 0.0014142135623842478], [15.358257293701172, 4.4620499610900879, 0.0014142135623842478], [16.341512680053711, 5.6568541526794434, 0.0011547005269676447], [13.514719009399414, 8.4836483001708984, 0.0011547005269676447], [12.026200294494629, 6.6700348854064941, 0.0014142135623842478], [10.9091796875, 4.5781817436218262, 0.0014142135623842478], [10.226119041442871, 2.3112316131591797, 0.0014142135623842478], [10.001154899597168, 0.0011547005269676447, 0.0011547005269676447], [13.998845100402832, 0.0011547005269676447, 0.99884527921676636], [14.151708602905273, 1.5578688383102417, 0.99858576059341431], [14.611385345458984, 3.0709922313690186, 0.99858576059341431], [15.358257293701172, 4.4620499610900879, 0.99858576059341431], [16.341512680053711, 5.6568541526794434, 0.99884527921676636], [13.514719009399414, 8.4836483001708984, 0.99884527921676636], [12.026200294494629, 6.6700348854064941, 0.99858576059341431], [10.9091796875, 4.5781817436218262, 0.99858576059341431], [10.226119041442871, 2.3112316131591797, 0.99858576059341431], [10.001154899597168, 0.0011547005269676447, 0.99884527921676636]]}]}, "active_connections": [0, 1], "dim": 4.7845852262343094}