{"dim": 15.147886503241388, "conn_to_parent": null, "transform": {"M31": 0.0, "M23": 0.0, "M01": 0.0, "M02": 0.0, "M32": 0.0, "M00": 1.0, "M11": 1.0, "M12": 0.0, "M20": 0.0, "M21": 0.0, "M03": 0.0, "M13": 0.0, "M22": 1.0, "M30": 0.0, "M10": 0.0, "M33": 1.0}, "connections": [{"plane": {"xaxis": [-6.123233995736766e-17, 1.0, 0.0], "yaxis": [1.0, 6.123233995736766e-17, -0.0], "origin": [95.658842065735541, 0.0, 1.2948235826642212e-11]}, "type": "COLUMN_BOTTOM", "part": "COLUMN", "id": 0}, {"plane": {"xaxis": [6.123233995736766e-17, 1.0, 0.0], "yaxis": [-1.0, 6.123233995736766e-17, 0.0], "origin": [95.658842065735541, 0.0, 30.000000000012950]}, "type": "COLUMN_TOP", "part": "COLUMN", "id": 1}], "name": "COLUMN", "active_connections": [0, 1], "geometry": {"vertices": [[94.158843994140625, -1.5, 0.0], [94.158843994140625, -1.5, 30.0], [97.158843994140625, -1.5, 0.0], [97.158843994140625, -1.5, 30.0], [95.658843994140625, -1.5, 0.0], [95.658843994140625, -1.5, 7.5], [95.658843994140625, -1.5, 3.75], [94.908843994140625, -1.5, 7.5], [94.908843994140625, -1.5, 3.75], [96.408843994140625, -1.5, 7.5], [96.408843994140625, -1.5, 3.75], [97.158843994140625, -1.5, 10.0], [97.158843994140625, -1.5, 20.0], [95.658843994140625, -1.5, 30.0], [95.658843994140625, -1.5, 22.5], [95.658843994140625, -1.5, 26.25], [96.408843994140625, -1.5, 22.5], [96.408843994140625, -1.5, 26.25], [94.908843994140625, -1.5, 22.5], [94.908843994140625, -1.5, 26.25], [94.158843994140625, -1.5, 20.0], [94.158843994140625, -1.5, 10.0], [97.158843994140625, -1.5, 0.0], [97.158843994140625, -1.5, 30.0], [97.158843994140625, 1.5, 0.0], [97.158843994140625, 1.5, 30.0], [97.158843994140625, -1.5, 20.0], [97.158843994140625, -1.5, 10.0], [97.158843994140625, 0.0, 0.0], [97.158843994140625, 0.0, 7.5], [97.158843994140625, 0.0, 3.75], [97.158843994140625, -0.75, 7.5], [97.158843994140625, -0.75, 3.75], [97.158843994140625, 0.75, 7.5], [97.158843994140625, 0.75, 3.75], [97.158843994140625, 1.5, 10.0], [97.158843994140625, 1.5, 20.0], [97.158843994140625, 0.0, 30.0], [97.158843994140625, 0.0, 22.5], [97.158843994140625, 0.0, 26.25], [97.158843994140625, 0.75, 22.5], [97.158843994140625, 0.75, 26.25], [97.158843994140625, -0.75, 22.5], [97.158843994140625, -0.75, 26.25], [97.158843994140625, 1.5, 0.0], [97.158843994140625, 1.5, 30.0], [94.158843994140625, 1.5, 0.0], [94.158843994140625, 1.5, 30.0], [97.158843994140625, 1.5, 20.0], [97.158843994140625, 1.5, 10.0], [95.658843994140625, 1.5, 0.0], [95.658843994140625, 1.5, 7.5], [95.658843994140625, 1.5, 3.75], [96.408843994140625, 1.5, 7.5], [96.408843994140625, 1.5, 3.75], [94.908843994140625, 1.5, 7.5], [94.908843994140625, 1.5, 3.75], [94.158843994140625, 1.5, 10.0], [94.158843994140625, 1.5, 20.0], [95.658843994140625, 1.5, 30.0], [95.658843994140625, 1.5, 22.5], [95.658843994140625, 1.5, 26.25], [94.908843994140625, 1.5, 22.5], [94.908843994140625, 1.5, 26.25], [96.408843994140625, 1.5, 22.5], [96.408843994140625, 1.5, 26.25], [94.158843994140625, 1.5, 0.0], [94.158843994140625, 1.5, 30.0], [94.158843994140625, -1.5, 0.0], [94.158843994140625, -1.5, 30.0], [94.158843994140625, -1.5, 10.0], [94.158843994140625, -1.5, 20.0], [94.158843994140625, 1.5, 20.0], [94.158843994140625, 1.5, 10.0], [94.158843994140625, 0.0, 0.0], [94.158843994140625, 0.0, 7.5], [94.158843994140625, 0.0, 3.75], [94.158843994140625, 0.75, 7.5], [94.158843994140625, 0.75, 3.75], [94.158843994140625, -0.75, 7.5], [94.158843994140625, -0.75, 3.75], [94.158843994140625, 0.0, 30.0], [94.158843994140625, 0.0, 22.5], [94.158843994140625, 0.0, 26.25], [94.158843994140625, -0.75, 22.5], [94.158843994140625, -0.75, 26.25], [94.158843994140625, 0.75, 22.5], [94.158843994140625, 0.75, 26.25], [94.158843994140625, -1.5, 0.0], [94.158843994140625, 1.5, 0.0], [97.158843994140625, -1.5, 0.0], [97.158843994140625, 1.5, 0.0], [95.658843994140625, -1.5, 0.0], [97.158843994140625, 0.0, 0.0], [95.658843994140625, 1.5, 0.0], [94.158843994140625, 0.0, 0.0], [94.158843994140625, -1.5, 30.0], [94.158843994140625, 1.5, 30.0], [97.158843994140625, -1.5, 30.0], [97.158843994140625, 1.5, 30.0], [95.658843994140625, -1.5, 30.0], [97.158843994140625, 0.0, 30.0], [95.658843994140625, 1.5, 30.0], [94.158843994140625, 0.0, 30.0]], "faces": [[5, 7, 8, 6], [9, 5, 6, 10], [17, 15, 14, 16], [15, 19, 18, 14], [21, 0, 8, 7], [4, 8, 0], [4, 6, 8], [10, 6, 4], [20, 21, 5, 14], [1, 20, 18, 19], [18, 20, 14], [5, 21, 7], [13, 1, 19], [9, 11, 5], [11, 9, 10], [10, 2, 11], [14, 5, 11, 12], [2, 10, 4], [17, 13, 15], [19, 15, 13], [16, 12, 17], [3, 17, 12], [13, 17, 3], [16, 14, 12], [29, 31, 32, 30], [33, 29, 30, 34], [41, 39, 38, 40], [39, 43, 42, 38], [27, 22, 32, 31], [28, 32, 22], [28, 30, 32], [34, 30, 28], [26, 27, 29, 38], [23, 26, 42, 43], [42, 26, 38], [29, 27, 31], [37, 23, 43], [33, 35, 29], [35, 33, 34], [34, 24, 35], [38, 29, 35, 36], [24, 34, 28], [41, 37, 39], [43, 39, 37], [40, 36, 41], [25, 41, 36], [37, 41, 25], [40, 38, 36], [51, 53, 54, 52], [55, 51, 52, 56], [63, 61, 60, 62], [61, 65, 64, 60], [49, 44, 54, 53], [50, 54, 44], [50, 52, 54], [56, 52, 50], [48, 49, 51, 60], [45, 48, 64, 65], [64, 48, 60], [51, 49, 53], [59, 45, 65], [55, 57, 51], [57, 55, 56], [56, 46, 57], [60, 51, 57, 58], [46, 56, 50], [63, 59, 61], [65, 61, 59], [62, 58, 63], [47, 63, 58], [59, 63, 47], [62, 60, 58], [75, 77, 78, 76], [79, 75, 76, 80], [85, 83, 82, 84], [83, 87, 86, 82], [73, 66, 78, 77], [74, 78, 66], [74, 76, 78], [80, 76, 74], [72, 73, 75, 82], [67, 72, 86, 87], [86, 72, 82], [75, 73, 77], [81, 67, 87], [79, 70, 75], [70, 79, 80], [80, 68, 70], [82, 75, 70, 71], [68, 80, 74], [85, 81, 83], [87, 83, 81], [84, 71, 85], [69, 85, 71], [81, 85, 69], [84, 82, 71], [95, 92, 88], [95, 89, 94], [93, 92, 95], [95, 94, 93], [93, 94, 91], [90, 92, 93], [103, 96, 100], [103, 102, 97], [101, 103, 100], [103, 101, 102], [101, 99, 102], [98, 101, 100]]}, "id": null, "conn_on_parent": null, "parent": null, "collider": {"connections": [], "multiple": false,