{"connections": [{"type": "M", "part": "YSHAPE", "id": 0, "plane": {"xaxis": [-6.123233995736766e-17, -2.3685914752810977e-32, -1.0], "yaxis": [1.0, 3.868203431275374e-16, -6.123233995736766e-17], "origin": [47.999999999999993, 3.014577520672843e-15, 0.49999999999999994]}}, {"type": "F", "part": "YSHAPE", "id": 1, "plane": {"xaxis": [4.3297802811774695e-17, -4.3297802811774627e-17, -1.0], "yaxis": [-0.70710678118654802, 0.70710678118654691, -6.123233995736766e-17], "origin": [50.928932188134517, 7.0710678118654773, 0.49999999999999994]}}, {"type": "F", "part": "YSHAPE", "id": 2, "plane": {"xaxis": [4.8738701266183507e-16, -4.0079140703828636e-16, -1.0], "yaxis": [-0.70710678118654802, -0.70710678118654702, -6.123233995736766e-17], "origin": [45.071067811865468, 7.0710678118654773, 0.49999999999999994]}}], "class_type": "Part", "conn_on_parent": null, "transform": {"M01": 0.0, "M12": 0.0, "M30": 0.0, "M21": 0.0, "M11": 1.0, "M10": 0.0, "M13": 0.0, "M00": 1.0, "M32": 0.0, "M02": 0.0, "M22": 1.0, "M23": 0.0, "M03": 0.0, "M31": 0.0, "M33": 1.0, "M20": 0.0}, "id": null, "conn_to_parent": null, "children": [], "name": "YSHAPE", "field": null, "object_type": "Part", "parent": null, "geometry": {"faces": [[1, 0, 2, 3], [11, 4, 6], [11, 7, 5], [7, 11, 6], [6, 10, 7], [10, 9, 7], [8, 10, 6], [14, 16, 12], [13, 16, 15], [14, 15, 16], [19, 20, 18, 17], [20, 19, 21, 22], [25, 26, 24, 23], [23, 24, 22, 21], [40, 42, 41, 33], [36, 37, 41], [38, 33, 37], [41, 37, 33], [42, 35, 36], [35, 42, 34], [41, 42, 36], [34, 42, 40], [29, 38, 27], [31, 33, 30], [30, 33, 38], [29, 30, 38], [29, 27, 28], [34, 40, 39], [32, 39, 40], [33, 32, 40], [32, 33, 31], [45, 46, 44, 43], [46, 45, 47, 48], [51, 52, 50, 49], [49, 50, 48, 47], [54, 53, 55, 56], [70, 63, 71, 72], [66, 71, 67], [68, 67, 63], [71, 63, 67], [72, 66, 65], [65, 64, 72], [71, 66, 72], [64, 70, 72], [59, 57, 68], [61, 60, 63], [60, 68, 63], [59, 68, 60], [59, 58, 57], [64, 69, 70], [62, 70, 69], [63, 70, 62], [62, 61, 63], [74, 73, 75, 77], [74, 77, 76], [80, 79, 85], [87, 79, 78], [79, 87, 85], [84, 81, 80], [81, 83, 82], [87, 86, 85], [80, 85, 84], [81, 84, 83], [90, 95, 89], [97, 88, 89], [89, 95, 97], [94, 90, 91], [91, 92, 93], [97, 95, 96], [90, 94, 95], [91, 93, 94]], "vertices": [[46.0, 1.1172539274829593e-15, 0.0], [46.0, 1.1172539274829593e-15, 1.0], [50.0, 2.6645352591003757e-15, 0.0], [50.0, 2.6645352591003757e-15, 1.0], [48.0, 6.6332497596740723, 0.0], [48.0, 6.6332497596740723, 1.0], [47.286663055419922, 7.5998597145080566, 0.0], [47.286663055419922, 7.5998597145080566, 1.0], [46.485282897949219, 8.4852809906005859, 0.0], [46.485282897949219, 8.4852809906005859, 1.0], [46.485282897949219, 8.4852809906005859, 0.5], [48.0, 6.6332497596740723, 0.5], [46.485282897949219, 8.4852809906005859, 0.0], [46.485282897949219, 8.4852809906005859, 1.0], [43.656852722167969, 5.6568541526794434, 0.0], [43.656852722167969, 5.6568541526794434, 1.0], [46.485282897949219, 8.4852809906005859, 0.5], [43.656852722167969, 5.6568541526794434, 0.0], [43.656852722167969, 5.6568541526794434, 1.0], [44.649982452392578, 4.4472141265869141, 0.0], [44.649982452392578, 4.4472141265869141, 1.0], [45.394752502441406, 3.0524811744689941, 0.0], [45.394752502441406, 3.0524811744689941, 1.0], [45.850177764892578, 1.5410027503967285, 0.0], [45.850177764892578, 1.5410027503967285, 1.0], [46.0, 1.1172539274829593e-15, 0.0], [46.0, 1.1172539274829593e-15, 1.0], [46.0, 1.1172539274829593e-15, 1.0], [50.0, 2.6645352591003757e-15, 1.0], [49.875770568847656, 1.7222363948822021, 1.0], [49.496627807617188, 3.4391205310821533, 1.0], [48.865055084228516, 5.0941748619079590, 1.0], [48.0, 6.6332497596740723, 1.0], [46.828426361083984, 4.2426404953002930, 1.0], [46.485282897949219, 8.4852809906005859, 1.0], [43.656852722167969, 5.6568541526794434, 1.0], [44.649982452392578, 4.4472141265869141, 1.0], [45.394752502441406, 3.0524811744689941, 1.0], [45.850177764892578, 1.5410027503967285, 1.0], [47.286663055419922, 7.5998597145080566, 1.0], [46.828426361083984, 6.3639612197875977, 1.0], [45.242641448974609, 4.2426404953002930, 1.0], [45.242641448974609, 6.3639612197875977, 1.0], [50.0, 1.1172539274829593e-15, 0.0], [50.0, 1.1172539274829593e-15, 1.0], [50.153095245361328, 1.5575934648513794, 0.0], [50.153095245361328, 1.5575934648513794, 1.0], [50.612689971923828, 3.0704493522644043, 0.0], [50.612689971923828, 3.0704493522644043, 1.0], [51.359432220458984, 4.4612612724304199, 0.0], [51.359432220458984, 4.4612612724304199, 1.0], [52.343147277832031, 5.6568541526794434, 0.0], [52.343147277832031, 5.6568541526794434, 1.0], [52.343147277832031, 5.6568541526794434, 0.0], [52.343147277832031, 5.6568541526794434, 1.0], [49.514717102050781, 8.4852809906005859, 0.0], [49.514717102050781, 8.4852809906005859, 1.0], [46.0, 1.1172539274829593e-15, 0.0], [50.0, 2.6645352591003757e-15, 0.0], [49.875770568847656, 1.7222363948822021, 0.0], [49.496627807617188, 3.4391205310821533, 0.0], [48.865055084228516, 5.0941748619079590, 0.0], [48.0, 6.6332497596740723, 0.0], [46.828426361083984, 4.2426404953002930, 0.0], [46.485282897949219, 8.4852809906005859, 0.0], [43.656852722167969, 5.6568541526794434, 0.0], [44.649982452392578, 4.4472141265869141, 0.0], [45.394752502441406, 3.0524811744689941, 0.0], [45.850177764892578, 1.5410027503967285, 0.0], [47.286663055419922, 7.5998597145080566, 0.0], [46.828426361083984, 6.3639612197875977, 0.0], [45.242641448974609, 4.2426404953002930, 0.0], [45.242641448974609, 6.3639612197875977, 0.0], [49.514717102050781, 8.4852809906005859, 0.0], [49.514717102050781, 8.4852809906005859, 1.0], [48.0, 6.6332497596740723, 0.0], [48.0, 6.6332497596740723, 1.0], [48.0, 6.6332497596740723, 0.5], [48.0, 6.6332497596740723, 0.0], [48.865055084228516, 5.0941748619079590, 0.0], [49.496627807617188, 3.4391205310821533, 0.0], [49.875770568847656, 1.7222363948822021, 0.0], [50.0, 1.1172539274829593e-15, 0.0], [50.153095245361328, 1.5575934648513794, 0.0], [50.612689971923828, 3.0704493522644043, 0.0], [51.359432220458984, 4.4612612724304199, 0.0], [52.343147277832031, 5.6568541526794434, 0.0], [49.514717102050781, 8.4852809906005859, 0.0], [48.0, 6.6332497596740723, 1.0], [48.865055084228516, 5.0941748619079590, 1.0], [49.496627807617188, 3.4391205310821533, 1.0], [49.875770568847656, 1.7222363948822021, 1.0], [50.0, 1.1172539274829593e-15, 1.0], [50.153095245361328, 1.5575934648513794, 1.0], [50.612689971923828, 3.0704493522644043, 1.0], [51.359432220458984, 4.4612612724304199, 1.0], [52.343147277832031, 5.6568541526794434, 1.0], [49.514717102050781, 8.4852809906005859, 1.0]]}, "collider": {"connections": [], "valid_connections": [], "multiple": false, "check_all": false, "geometry": [{"faces": [[1, 0, 2, 3], [11, 4, 6], [11, 7, 5], [7, 11, 6], [6, 10, 7], [10, 9, 7], [8, 10, 6], [14, 16, 12], [13, 16, 15], [14, 15, 16], [19, 20, 18, 17], [20, 19, 21, 22], [25, 26, 24, 23], [23, 24, 22, 21], [40, 42, 41, 33], [36, 37, 41], [38, 33, 37], [41, 37, 33], [42, 35, 36], [35, 42, 34], [41, 42, 36], [34, 42, 40], [29, 38, 27], [31, 33, 30], [30, 33, 38], [29, 30, 38], [29, 27, 28], [34, 40, 39], [32, 39, 40], [33, 32, 40], [32, 33, 31], [45, 46, 44, 43], [46, 45, 47, 48], [51, 52, 50, 49], [49, 50, 48, 47], [54, 53, 55, 56], [70, 63, 71, 72], [66, 71, 67], [68, 67, 63], [71, 63, 67], [72, 66, 65], [65, 64, 72], [71, 66, 72], [64, 70, 72], [59, 57, 68], [61, 60, 63], [60, 68, 63], [59, 68, 60], [59, 58, 57], [64, 69, 70], [62, 70, 69], [63, 70, 62], [62, 61, 63], [74, 73, 75, 77], [74, 77, 76], [80, 79, 85], [87, 79, 78], [79, 87, 85], [84, 81, 80], [81, 83, 82], [87, 86, 85], [80, 85, 84], [81, 84, 83], [90, 95, 89], [97, 88, 89], [89, 95, 97], [94, 90, 91], [91, 92, 93], [97, 95, 96], [90, 94, 95], [91, 93, 94]],